<?xml version="1.0" encoding="UTF-8"?>
<TrackingData>
    <Sensors>
        <Sensor subtype="FAST" type="FeatureBasedSensorSource">
            <SensorID>FeatureBasedSensorSource_0</SensorID>
            <Parameters/>
            <SensorCOS>
                <SensorCosID>0942303e263887236ce2a72f4c40c08a</SensorCosID>
                <Parameters>
                    <SimilarityThreshold>0.7</SimilarityThreshold>
                    <ReferenceImage HeightMM="563" WidthMM="563">0942303e263887236ce2a72f4c40c08a.jpg</ReferenceImage>
                </Parameters>
            </SensorCOS>
        </Sensor>
    </Sensors>
    <Connections>
        <COS>
            <Name>IMG_20150625_193158511_1</Name>
            <Fuser type="SmoothingFuser">
                <Parameters>
                    <AlphaRotation>0.5</AlphaRotation>
                    <AlphaTranslation>0.8</AlphaTranslation>
                    <GammaRotation>0.5</GammaRotation>
                    <GammaTranslation>0.8</GammaTranslation>
                    <KeepPoseForNumberOfFrames>0</KeepPoseForNumberOfFrames>
                </Parameters>
            </Fuser>
            <SensorSource trigger="1">
                <SensorID>FeatureBasedSensorSource_0</SensorID>
                <SensorCosID>0942303e263887236ce2a72f4c40c08a</SensorCosID>
                <HandEyeCalibration>
                    <TranslationOffset>
                        <x>0</x>
                        <y>0</y>
                        <z>0</z>
                    </TranslationOffset>
                    <RotationOffset>
                        <x>0</x>
                        <y>0</y>
                        <z>0</z>
                        <w>1</w>
                    </RotationOffset>
                </HandEyeCalibration>
                <COSOffset>
                    <TranslationOffset>
                        <x>-140.8</x>
                        <y>0</y>
                        <z>0</z>
                    </TranslationOffset>
                    <RotationOffset>
                        <x>0</x>
                        <y>0</y>
                        <z>0</z>
                        <w>1</w>
                    </RotationOffset>
                </COSOffset>
            </SensorSource>
        </COS>
    </Connections>
</TrackingData>
